[{"id":1,"email":"bruno@email.com","password":"bruno","address":"jakarta","join_date":"","phone_number":"0821276546"},{"id":2,"name":"ade","password":"ade","address":"bandung","join_date":"2022-05-12T08:18:16.521Z","phone_number":"0212029"},{"id":3,"name":"ihsan","password":"ihsan","address":"jogja","join_date":"2022-05-12T08:28:21.614Z","phone_number":"02029"},{"id":4,"name":"fikri","password":"fikri","address":"jogja","join_date":"2022-05-12T08:30:33.648Z","phone_number":"02029"},{"id":5,"name":"fikri","password":"fikri","address":"jogja","join_date":"2022-05-12T08:37:10.739Z","phone_number":"02029"},{"id":6,"name":"sahlan","password":"sahlan","address":"padang","join_date":"2022-05-12T08:41:13.141Z","phone_number":"02029"},{"id":7,"name":"faris","password":"faris","address":"padang","join_date":"2022-05-12T08:43:00.628Z","phone_number":"02029"},{"id":8,"name":"heri","password":"heri","address":"padang","join_date":"2022-05-12T08:47:41.152Z","phone_number":"02029"},{"id":9,"name":"ajie","password":"ajie","address":"padang","join_date":"2022-05-12T08:49:03.425Z","phone_number":"02029"},{"id":10,"name":"rido","password":"rido","address":"padang","join_date":"2022-05-12T08:52:28.295Z","phone_number":"02029"},{"id":11,"name":"fahmi","password":"fahmi","address":"padang","join_date":"2022-05-12T08:53:18.982Z","phone_number":"02029"},{"id":12,"name":"agus","password":"agus","address":"padang","join_date":"2022-05-12T08:54:26.143Z","phone_number":"02029"},{"id":13,"name":"arman","password":"arman","address":"padang","join_date":"2022-05-12T08:55:47.680Z","phone_number":"02029"},{"id":14,"name":"abdul","password":"abdul","address":"padang","join_date":"2022-05-12T08:57:31.280Z","phone_number":"02029"},{"id":15,"name":"hasobi","password":"hasobi","address":"padang","join_date":"2022-05-12T08:58:26.470Z","phone_number":"02029"},{"id":16,"name":"shof","password":"shof","address":"padang","join_date":"2022-05-12T09:00:03.643Z","phone_number":"02029"},{"id":17,"name":"iyah","password":"iyah","address":"padang","join_date":"2022-05-12T09:01:03.720Z","phone_number":"02029"},{"id":18,"name":"aul","password":"aul","address":"padang","join_date":"2022-05-12T09:04:07.158Z","phone_number":"02029"},{"id":19,"name":"aul","password":"aul","address":"padang","join_date":"2022-05-12T09:04:19.718Z","phone_number":"02029"},{"id":20,"name":"rudi","password":"rudi","address":"padang","join_date":"2022-05-12T09:07:10.383Z","phone_number":"02029"},{"id":21,"name":"udin","password":"udin","address":"kediri","join_date":"2022-05-12T15:12:08.564Z","phone_number":"08212222"},{"id":22,"name":"budi","password":"budi","address":"kediri","join_date":"2022-05-12T15:15:55.653Z","phone_number":"08212222"},{"id":23,"name":"budi","password":"budi","address":"kediri","join_date":"2022-05-12T16:19:07.841Z","phone_number":"08212222"},{"id":24,"name":"Budi","password":"Budi","address":"bandung","join_date":"2022-06-02T23:45:17.708Z","phone_number":"0821"},{"id":25,"name":"Fani","password":"fani","address":"Jakarta","join_date":"2022-06-02T23:46:45.948Z","phone_number":"0122"},{"id":26,"name":"whe","password":"whe","address":"whe","join_date":"2022-06-03T06:23:48.283Z","phone_number":"whe"}]